symbol,market_variable,sentiment_variable,pearson_correlation,pearson_p_value,spearman_correlation,spearman_p_value
4CHAN-USD,Volume,sentiment_mean_regular,0.18079289095834078,0.047204179654630356,0.21634065399004504,0.017156217680993544
AAL,Close,sentiment_mean_top_influencer,0.3246170439088918,0.0001377944389387531,0.3659688466153193,1.4777706078478103e-05
AAL,Close,sentiment_mean_highly_influential,-0.3148167294996063,0.0002642845011877106,-0.3007597712740911,0.0005071889469449256
AAL,Close,sentiment_mean_influential,0.283220085340413,0.001253146018082729,0.3210766700439277,0.00023276174896966738
AAL,Close,bullish_ratio_top_influencer,0.3135687341904669,0.0002376126082068671,0.3538136090287301,2.9431710379789806e-05
AAL,Close,bearish_ratio_top_influencer,-0.3020004355206216,0.00041114949105517697,-0.31994800487561187,0.00017391944224236304
AAL,Return,sentiment_mean_top_influencer,0.1994957976905497,0.02182870042087115,0.20219233913579518,0.020072717434179498
AAL,Return,sentiment_mean_highly_influential,0.2112582492317235,0.01624928818135656,0.25919554076850176,0.003015975875577339
AAL,Return,sentiment_mean_influential,0.18181678635403295,0.041593538823017626,0.28783452513504393,0.001082397778618002
AAL,Return,sentiment_mean_regular,0.2718717008555096,0.0016133773165649297,0.3954240650467088,2.697950522119203e-06
AAL,Return,bullish_ratio_top_influencer,0.24523333399194502,0.004595072562576066,0.24908741808649693,0.003975279168507331
AAL,Volatility_20d,sentiment_mean_top_influencer,-0.22135458529536545,0.018464151055478793,-0.2955425885780847,0.0014827664071533147
AAL,Volatility_20d,sentiment_mean_highly_influential,0.2064898654223454,0.02967740273211233,0.22756687909808446,0.01630433700566678
AAL,Volatility_20d,sentiment_mean_regular,0.19109597355513694,0.042609577179729505,0.19187711807990548,0.041754171510131034
AAL,Volatility_20d,bullish_ratio_top_influencer,-0.20653311720110926,0.028178863996086025,-0.2639656074402385,0.004726849198447975
AAL,Volatility_20d,bearish_ratio_top_influencer,0.21250592193051707,0.023838168420618044,0.2795926309884041,0.002707637589991913
AAL,Volume,sentiment_mean_top_influencer,-0.238748734314275,0.005648209401582612,-0.25263858212020995,0.003348244266825533
AAL,Volume,sentiment_mean_highly_influential,0.22821439828116913,0.00901539621493365,0.275864411733596,0.0014888942893109267
AAL,Volume,sentiment_mean_influential,-0.2893243533067214,0.0009698290287076734,-0.39036202568987516,5.706010734584357e-06
AAL,Volume,bullish_ratio_top_influencer,-0.245999471075487,0.004314240060353014,-0.2541207004719099,0.0031612014661755857
AAL,Volume,bearish_ratio_top_influencer,0.2066505157789504,0.017008035121902774,0.21378972153059603,0.013477049966398317
AAPL,Close,sentiment_mean_top_influencer,0.4012419376192935,0.0002718904027558776,0.42050354708582555,0.00012651436869918312
AAPL,Close,sentiment_mean_influential,-0.3291014202192063,0.0034723701651960697,-0.2669103010111598,0.01894747577240524
AAPL,Close,bullish_ratio_top_influencer,0.372857897299135,0.0007739915492726568,0.39091288458377066,0.0004022174997424657
AAPL,Close,bearish_ratio_top_influencer,-0.3792170917884061,0.0006172482459553705,-0.4139160794373847,0.00016520888072246509
AAPL,Return,sentiment_mean_top_influencer,0.28878651198931293,0.010341423280883614,0.35699743294680003,0.0013345829728825427
AAPL,Return,sentiment_mean_highly_influential,0.30409525981557023,0.006794360745649418,0.41780267587245135,0.00014123600988858468
AAPL,Return,sentiment_mean_regular,0.32085072807329484,0.0041824311645910495,0.41892549808939467,0.00013493370647461753
AAPL,Return,bullish_ratio_top_influencer,0.28241731232416817,0.012238362717870106,0.3730320312598794,0.0007692570129842783
AAPL,Return,bearish_ratio_top_influencer,-0.25873720067228884,0.022177695822939512,-0.35910666030259625,0.0012432751836292904
AAPL,Volume,sentiment_mean_top_influencer,-0.32450502315428337,0.003748825501278403,-0.3419491900504558,0.0021825890803235564
AAPL,Volume,sentiment_mean_regular,-0.3484768462672558,0.0017683871078302488,-0.3564179897262011,0.0013607067347265497
AAPL,Volume,bullish_ratio_top_influencer,-0.24011776918478786,0.03421659986393777,-0.3004969713830473,0.007514184435603381
AAPL,Volume,bearish_ratio_top_influencer,0.3687254168674003,0.0008944246990491973,0.3868275294173762,0.0004679649404940998
ADA-USD,Close,sentiment_mean_top_influencer,0.23331885840604544,0.01714263462182497,0.29447414270753264,0.002410589758156707
ADA-USD,Close,sentiment_mean_highly_influential,0.29036369234854115,0.0027893060309697438,0.28226193151334994,0.003696044146185549
ADA-USD,Close,sentiment_mean_influential,0.2599170561130023,0.007708726792137913,0.28866524953187406,0.0029608379228471893
ADA-USD,Close,sentiment_mean_regular,0.2279280781484498,0.01996286043453721,0.2498286076534351,0.010537828663953766
ADA-USD,Close,bullish_ratio_top_influencer,0.2709212250037034,0.005407570303700235,0.33151836755836656,0.0005866110612189146
ADA-USD,Close,bearish_ratio_top_influencer,-0.17326286249639095,0.07859201115801091,-0.24293695457491535,0.012959412727674025
ADA-USD,Return,sentiment_mean_top_influencer,0.1954441336122764,0.04678117401814388,0.179390331582367,0.06843525218154167
ADA-USD,Return,sentiment_mean_highly_influential,0.3443820912814161,0.0003439533704752283,0.4013983917342212,2.4105328557661066e-05
ADA-USD,Return,sentiment_mean_influential,0.2925964342590362,0.0025774293525852466,0.36619151104761555,0.00013184947026893357
ADA-USD,Return,sentiment_mean_regular,0.37597086769570753,8.384210342049549e-05,0.41293266020059183,1.3230796047553735e-05
ADA-USD,Return,bullish_ratio_top_influencer,0.21631501107822476,0.027418370671522453,0.2045005309778394,0.037309662231255064
ADA-USD,Volatility_20d,sentiment_mean_regular,0.15445205206771911,0.11747027031372008,0.2532058234874723,0.009503185735728397
AMD,Close,sentiment_mean_top_influencer,0.5262556881146384,5.670967577454906e-06,0.5167936541070871,8.89620838093325e-06
AMD,Close,sentiment_mean_highly_influential,0.5609654758669531,9.62556773643956e-07,0.5828888726846323,2.8187398219087926e-07
AMD,Close,sentiment_mean_influential,0.6493438836992792,3.683251801721036e-09,0.6794568037927791,3.559545093446358e-10
AMD,Close,sentiment_mean_regular,0.5459694514072593,2.1222435525915435e-06,0.5121230782355795,1.1055878844608875e-05
AMD,Close,bullish_ratio_top_influencer,0.560173499549585,1.0045757990957487e-06,0.5531746117296471,1.4584878264113685e-06
AMD,Close,bearish_ratio_top_influencer,-0.44119312688109946,0.00020894773505959746,-0.43590171843515746,0.00025379920400726743
AMD,Return,sentiment_mean_top_influencer,0.32139240878425757,0.008505254165226666,0.4049055422189752,0.0007454673872550514
AMD,Return,sentiment_mean_highly_influential,0.34659840255834035,0.004359239707646014,0.45772317843197124,0.00011146820365426798
AMD,Return,sentiment_mean_influential,0.18427994033301712,0.13855038247447796,0.2783211389118914,0.023647925332765805
AMD,Return,sentiment_mean_regular,0.4311014875403599,0.0003019394983005286,0.5404085211495814,2.8180573391792132e-06
AMD,Return,bullish_ratio_top_influencer,0.3009045957210728,0.014086804063688216,0.35318922434257516,0.003627286276486777
AMD,Return,bearish_ratio_top_influencer,-0.3128485511306315,0.010540254491979357,-0.4337724154668905,0.00027421266244620523
AMD,Volatility_20d,sentiment_mean_highly_influential,-0.49343358221061523,2.556953061618586e-05,-0.40776962500525044,0.0006777122414714334
AMD,Volatility_20d,sentiment_mean_influential,-0.5095458782632395,1.2447560094978968e-05,-0.4954959670022309,2.3365741997582467e-05
AMZN,Close,sentiment_mean_top_influencer,0.45919392637003703,1.8328731645948905e-05,0.43241089126594434,6.187086978126127e-05
AMZN,Close,sentiment_mean_highly_influential,0.6387724201081262,1.825077999605108e-10,0.6662017394208047,1.5402387119902342e-11
AMZN,Close,sentiment_mean_influential,0.3429898265603632,0.001842123232450693,0.37773623244818033,0.000551684480435815
AMZN,Close,sentiment_mean_regular,0.4521216548081505,2.5525516202802746e-05,0.4360143469337242,5.283834509916351e-05
AMZN,Close,bullish_ratio_top_influencer,0.4267626683528355,7.895362845981375e-05,0.39780579177944697,0.00025807007690887635
AMZN,Close,bearish_ratio_top_influencer,-0.42382725289433226,8.946786127084187e-05,-0.40895051864595555,0.00016568624779182714
AMZN,Return,sentiment_mean_top_influencer,0.37264003661895706,0.0006640249869026752,0.4835350311215269,5.5333779915614004e-06
AMZN,Return,sentiment_mean_highly_influential,0.3460448700408465,0.0016656850138368267,0.4695464642040282,1.1136529023376498e-05
AMZN,Return,sentiment_mean_influential,0.21943141574130082,0.050503925894546206,0.37013854792992706,0.0007264729483455448
AMZN,Return,sentiment_mean_regular,0.34010534410991056,0.0020239823443352466,0.4578246884584802,1.9553751221386316e-05
AMZN,Return,bullish_ratio_top_influencer,0.35785110248092133,0.0011181300860650984,0.42721177786182246,7.744993338813733e-05
AMZN,Return,bearish_ratio_top_influencer,-0.3329220784131057,0.0025490282434962874,-0.4729587183790156,9.416246887884373e-06
AMZN,Volatility_20d,sentiment_mean_top_influencer,-0.311742672617215,0.004878636076247819,-0.17784159177793493,0.11451092666522587
AMZN,Volatility_20d,sentiment_mean_highly_influential,-0.3662982160120478,0.0008328050696704105,-0.31837174826324904,0.004001053169386692
AMZN,Volatility_20d,sentiment_mean_regular,-0.27974293307657144,0.011967228228691503,-0.20123891643992953,0.07345914624430491
AMZN,Volatility_20d,bullish_ratio_top_influencer,-0.2543989217599404,0.022773903864042225,-0.1406301281493126,0.213414340488146
AMZN,Volatility_20d,bearish_ratio_top_influencer,0.32149100017443666,0.0036390501210403336,0.2148650871525585,0.0556221217604302
AMZN,Volume,sentiment_mean_top_influencer,-0.3608788113044403,0.0010070002093077852,-0.475060802501251,8.483913038894556e-06
AMZN,Volume,sentiment_mean_influential,-0.29580421189793304,0.007721456207335973,-0.3653210502036872,0.000862029925879724
AMZN,Volume,sentiment_mean_regular,-0.28755177860982895,0.009700288187944493,-0.34427103813114385,0.0017661757650269385
AMZN,Volume,bullish_ratio_top_influencer,-0.3193975469689778,0.0038786158563530538,-0.418960101731041,0.00010979940643707582
AMZN,Volume,bearish_ratio_top_influencer,0.34836803236365854,0.001541881649719602,0.46740277209619896,1.2363277130129508e-05
AVGO,Close,sentiment_mean_top_influencer,0.3862161433754799,0.0011419952835020628,0.3920442082065101,0.0009451207650670083
AVGO,Close,sentiment_mean_highly_influential,0.17898239930104845,0.14418438907005862,0.2633156485839314,0.030041384279323534
AVGO,Close,bullish_ratio_top_influencer,0.34257480256399087,0.004241126968428006,0.3413523689125209,0.004388700183258521
AVGO,Close,bearish_ratio_top_influencer,-0.4059572803382122,0.0005931658075592923,-0.4102349068537929,0.0005119143047667245
AVGO,Return,sentiment_mean_top_influencer,0.2521024209681627,0.03808161682339516,0.2193357517368346,0.07231838284482757
AVGO,Return,sentiment_mean_influential,0.17529474688512667,0.1559399197061373,0.3167803900915839,0.009006694020840337
AVGO,Return,sentiment_mean_regular,0.35267387146791385,0.0031806795482718694,0.48548602713963185,2.71258308435857e-05
AVGO,Return,bearish_ratio_top_influencer,-0.26775425201193254,0.02727919673312562,-0.23818755321891022,0.05046740035510339
AVGO,Volatility_20d,sentiment_mean_top_influencer,-0.35942236660533255,0.0026106865098337916,-0.33714449420657117,0.00493204142004255
AVGO,Volatility_20d,bullish_ratio_top_influencer,-0.31888791501410063,0.008038525205983998,-0.3003665978509209,0.012820252240916203
AVGO,Volatility_20d,bearish_ratio_top_influencer,0.377706270348628,0.0014962388144280892,0.3617876840499192,0.002433651442915227
AVGO,Volume,sentiment_mean_top_influencer,-0.18659395655049454,0.1276132796482496,-0.2803015850888013,0.02060227206836266
AVGO,Volume,bullish_ratio_top_influencer,-0.213157449528729,0.08093755002153882,-0.2997747236751404,0.013006879770417232
BABA,Close,sentiment_mean_top_influencer,0.4939935523873612,8.119830831053603e-05,0.4930708298668303,8.41216362084824e-05
BABA,Close,sentiment_mean_highly_influential,0.4420417957126062,0.0005127326752750978,0.42630567489826465,0.0008476821513744827
BABA,Close,sentiment_mean_influential,0.4008672743521386,0.0018185788335945245,0.41020791673528184,0.0013835491380282884
BABA,Close,sentiment_mean_regular,0.5900335776920147,1.092171789250033e-06,0.512912007689442,3.84322532061624e-05
BABA,Close,bullish_ratio_top_influencer,0.4737332274054179,0.0001725633479916877,0.47783214154911124,0.00014871393767231948
BABA,Close,bearish_ratio_top_influencer,-0.4942100295833272,8.052613953050023e-05,-0.5004768359931364,6.314946556427302e-05
BABA,Return,sentiment_mean_top_influencer,0.31968541601127715,0.014436291333321596,0.2845453428195073,0.030400950548507052
BABA,Return,sentiment_mean_highly_influential,0.31239272620409775,0.016967689635306843,0.21936437010377197,0.09802968775074823
BABA,Return,sentiment_mean_influential,0.47462262862077853,0.00016710950696283228,0.5807047776986543,1.764644616899696e-06
BABA,Return,sentiment_mean_regular,0.4957739516580918,7.582001633751206e-05,0.5380971423298164,1.3219523549702193e-05
BABA,Return,bullish_ratio_top_influencer,0.27399372657909177,0.03740998922426096,0.224998081570264,0.0894923153525917
BABA,Return,bearish_ratio_top_influencer,-0.3567322736662768,0.005982813056825787,-0.3214434045776027,0.013876996421340724
BABA,Volatility_20d,sentiment_mean_top_influencer,-0.23469404641782698,0.0761744509198777,-0.31450719837693436,0.0161974345218669
BABA,Volatility_20d,bullish_ratio_top_influencer,-0.22532669331247657,0.08901291750182025,-0.2821321493230304,0.03189856719684634
BABA,Volatility_20d,bearish_ratio_top_influencer,0.23450436875929062,0.07641897067733477,0.32516573704519663,0.01275389320197455
BABA,Volume,sentiment_mean_top_influencer,-0.4565571301689555,0.0003154733653318921,-0.4318629262533041,0.000711738844747375
BABA,Volume,sentiment_mean_highly_influential,-0.5507173784787436,7.492687565334276e-06,-0.5288435003806082,1.97610996527388e-05
BABA,Volume,sentiment_mean_regular,-0.49437711554495123,8.001083406634565e-05,-0.20083669137777233,0.13061529341575923
BABA,Volume,bullish_ratio_top_influencer,-0.44881361905340295,0.0004098749559196686,-0.43802785277120865,0.0005842331882162091
BABA,Volume,bearish_ratio_top_influencer,0.4443175237640398,0.00047581386390899925,0.4172396302312207,0.0011203231337481418
BAC,Close,sentiment_mean_top_influencer,0.2732757847276492,0.0017275007852713237,0.27555631758929533,0.0015740146053799576
BAC,Close,sentiment_mean_regular,-0.21957066110825788,0.011740663918369478,-0.18584630260442989,0.033563838363234184
BAC,Close,bullish_ratio_top_influencer,0.22224311195913046,0.011361852615239438,0.18866591293949037,0.032254340465729746
BAC,Close,bearish_ratio_top_influencer,-0.27742313198488056,0.0014577243879738196,-0.3046427285157695,0.00044774048369338235
BAC,Return,sentiment_mean_influential,0.22655435777370378,0.02564964297081481,0.2646329755700131,0.008807964744681573
BAC,Volatility_20d,sentiment_mean_top_influencer,-0.2724165917395873,0.003987443341589609,-0.25093241108148684,0.008188789434080575
BAC,Volatility_20d,sentiment_mean_highly_influential,0.20299035220619016,0.0407376359876138,0.14155047059198184,0.15586199427440234
BAC,Volatility_20d,bullish_ratio_top_influencer,-0.21436954877751827,0.024521768341620846,-0.18419028598795176,0.054073062347210044
BAC,Volatility_20d,bearish_ratio_top_influencer,0.28167427570476256,0.0028723055141016115,0.25158351004342183,0.008018851767231213
BAC,Volume,sentiment_mean_top_influencer,-0.1795316943357148,0.04176914563432355,-0.09021680858234532,0.30926399341441907
BLK,Close,sentiment_mean_highly_influential,0.2988549531436459,0.00606165235827226,0.20058301272860476,0.06903191294415205
BLK,Volatility_20d,sentiment_mean_regular,-0.2034019202040268,0.04804270630631573,-0.3043750956197344,0.002709515571286004
BLK,Volume,sentiment_mean_regular,-0.3161046623674629,0.0006477940260095886,-0.23224476888261414,0.013312803277009089
BNB-USD,Close,sentiment_mean_influential,0.3609993748981611,0.0013565879724206954,0.3022060547962625,0.007971970559465668
BNB-USD,Return,sentiment_mean_top_influencer,0.21810548265069377,0.016706529064162624,0.21590165707262418,0.017868465934855554
BNB-USD,Return,bullish_ratio_top_influencer,0.20271498943169755,0.026385121611421078,0.21014094404458347,0.02124119164684095
BNB-USD,Volatility_20d,bearish_ratio_top_influencer,0.26310255031103436,0.00618135064661994,0.26114089584017847,0.006590705711808478
BNB-USD,Volume,sentiment_mean_influential,0.24124856785885102,0.03578015509751858,0.28173081694756996,0.013681062446654723
BNB-USD,Volume,bearish_ratio_top_influencer,0.08933048177655287,0.33191427154799075,0.20115868815593207,0.027588415817116956
BTC-USD,Close,sentiment_mean_top_influencer,0.28669505963174685,0.022723408041690266,0.3864479202378021,0.0017574972190901098
BTC-USD,Close,sentiment_mean_highly_influential,0.20373342141027423,0.10636928162075968,0.29199052188865726,0.019224189758672454
BTC-USD,Close,sentiment_mean_regular,0.27132905894492954,0.03147535120695611,0.34766642267315706,0.00523953014383005
BTC-USD,Close,bullish_ratio_top_influencer,0.323756303002685,0.009642334620227228,0.44813019109770674,0.00023046266151573376
BTC-USD,Close,bearish_ratio_top_influencer,-0.2149686592517194,0.09065808697051951,-0.3391380537291866,0.006547762421775364
BTC-USD,Return,sentiment_mean_top_influencer,0.351769429485319,0.004696603573534324,0.374518440960896,0.0024944939986122185
BTC-USD,Return,sentiment_mean_highly_influential,0.3144389655940678,0.011390884755563198,0.4590482949968219,0.00013603824672255043
BTC-USD,Return,sentiment_mean_influential,0.35568844052415544,0.004225023784547815,0.39223781010181097,0.0014757981132612122
BTC-USD,Return,sentiment_mean_regular,0.4109239951548527,0.0008216847476987798,0.5168792828627157,1.4440072354314408e-05
BTC-USD,Return,bullish_ratio_top_influencer,0.38969188108014063,0.0015942449597520733,0.41563055110058333,0.0007051881885218112
BTC-USD,Return,bearish_ratio_top_influencer,-0.27315166891783765,0.030308627491191585,-0.35930055391550675,0.0038279745499836446
BTC-USD,Volume,sentiment_mean_top_influencer,0.24219367198020716,0.0558202512714746,0.2724817882322689,0.03073316124069553
BTC-USD,Volume,sentiment_mean_highly_influential,0.20118693019075212,0.11090901388541326,0.259893084873768,0.03808387755391559
BTC-USD,Volume,bullish_ratio_top_influencer,0.24999083907731254,0.048154326030712444,0.2883202922049091,0.021932021076750668
BYDDF,Close,sentiment_mean_highly_influential,-0.21808974749997545,0.09131749023213001,-0.2935788755446987,0.021656217287466435
BYDDF,Close,sentiment_mean_regular,0.2278507402204288,0.03379446729917627,0.1994886810997939,0.06395973831683631
BYDDF,Volatility_20d,sentiment_mean_highly_influential,-0.17877845683642446,0.17935500017740816,-0.31654589516494597,0.01548328769783006
BYDDF,Volume,sentiment_mean_highly_influential,-0.24501025341403326,0.05702468805886812,-0.3312361329119878,0.009118518926865393
BYDDY,Close,sentiment_mean_top_influencer,0.24486722128890306,0.04257602831077259,0.12612980932082482,0.30174260859458885
BYDDY,Close,bullish_ratio_top_influencer,0.25797431180906305,0.032345438446008436,0.15110771640280382,0.21519921048419752
BYDDY,Volatility_20d,sentiment_mean_top_influencer,0.34604675323722073,0.005468619757722536,0.23822916906915226,0.060082302173035146
BYDDY,Volatility_20d,bullish_ratio_top_influencer,0.33043950143524836,0.008168873689947039,0.23672862693386135,0.06176255532002884
BYDDY,Volatility_20d,bearish_ratio_top_influencer,-0.31433785614251997,0.01210844535313177,-0.2537996482752209,0.044736037946944265
DIA,Close,sentiment_mean_regular,0.30101810091899484,0.028504895838571485,0.32019357890001177,0.01942015489190986
DIA,Return,sentiment_mean_top_influencer,0.30888467141929404,0.024421270431136365,0.4073215474450276,0.0024692016513493138
DIA,Return,sentiment_mean_highly_influential,0.48014111184540775,0.00027439494395965015,0.5746310800071558,6.806254342191208e-06
DIA,Return,bullish_ratio_top_influencer,0.35534285558195916,0.00902590159570149,0.4089342230758106,0.0023638888649825263
DIA,Return,bearish_ratio_top_influencer,-0.25477111682972053,0.06561506393466061,-0.37420369446719154,0.005773905489448318
DIS,Close,sentiment_mean_highly_influential,0.3304910549051894,0.00037241488687919834,0.39579396478439544,1.5641896288447115e-05
DIS,Close,sentiment_mean_influential,0.25246346474777986,0.013577274863330381,0.35790953541987586,0.00036942219365928013
DIS,Close,sentiment_mean_regular,0.2672943971020296,0.0043846588006599034,0.28808184108463375,0.002069002797645659
DIS,Close,bearish_ratio_top_influencer,-0.17299465145179665,0.06814557349870629,-0.2758042002379102,0.0032462291582155307
DIS,Return,sentiment_mean_top_influencer,0.1839238980066694,0.052230923412361616,0.23224388133637314,0.013737506526345998
DIS,Return,sentiment_mean_highly_influential,0.29216913708343456,0.0017729779835863847,0.3777705783422689,4.019953333247004e-05
DIS,Return,sentiment_mean_regular,0.3150086357249776,0.0007172672766721053,0.3905724836337799,2.067869790594483e-05
DIS,Return,bearish_ratio_top_influencer,-0.22010759548284575,0.019703688020322595,-0.277679651870764,0.0030342859891205136
DIS,Volatility_20d,sentiment_mean_highly_influential,-0.22085447887474807,0.019280801193938196,-0.25452006474193284,0.006766554907821743
DIS,Volatility_20d,sentiment_mean_regular,-0.16699493297082918,0.07843124283075885,-0.24675830933800702,0.008720077115219533
DIS,Volatility_20d,bullish_ratio_top_influencer,0.15713553683773834,0.09800440045458554,0.21829846819500995,0.020761264933945194
DJT,Volatility_20d,sentiment_mean_top_influencer,0.13317086258296407,0.4751129285610913,0.4125000000000001,0.02110593231596367
DJT,Volatility_20d,bullish_ratio_top_influencer,0.2002130541157456,0.28018190594409,0.4948079468638402,0.004657502759088521
DJT,Volume,sentiment_mean_top_influencer,0.19985896121252336,0.28105104003061626,0.38951612903225813,0.030312859117730375
DJT,Volume,sentiment_mean_regular,0.28100780677391896,0.12568672210803403,0.4104838709677419,0.021807775464991887
DJT,Volume,bullish_ratio_top_influencer,0.2061686829512149,0.265822909335372,0.41697752001402677,0.019613707589458365
DJT,Volume,bearish_ratio_top_influencer,-0.16296734262851448,0.3810554707880231,-0.3584677419354839,0.04767984598325517
DOGE-USD,Close,sentiment_mean_top_influencer,0.3303847713676479,0.00042340886613424176,0.3663171942569054,8.292216475480179e-05
DOGE-USD,Close,sentiment_mean_highly_influential,0.21322686337377705,0.025313633844350314,0.262169954634778,0.0056605817482780745
DOGE-USD,Close,sentiment_mean_regular,0.18934711913941507,0.04757289631993004,0.21453947077268953,0.024405841546194226
DOGE-USD,Close,bullish_ratio_top_influencer,0.26598269165016036,0.004976340880672799,0.34292167554507597,0.00024506801692348294
DOGE-USD,Close,bearish_ratio_top_influencer,-0.38524095978986245,3.240578109216749e-05,-0.4204451958565159,4.805694984262598e-06
DOGE-USD,Return,sentiment_mean_top_influencer,0.3509871070489012,0.0001702754944260141,0.3334828604381782,0.00037068595561932883
DOGE-USD,Return,sentiment_mean_highly_influential,0.4446624483110775,1.1346943394956424e-06,0.4464657260842879,1.0144669980988764e-06
DOGE-USD,Return,sentiment_mean_influential,0.44295066310729725,1.2612308368622596e-06,0.3943335646607499,2.020483947612081e-05
DOGE-USD,Return,sentiment_mean_regular,0.49371992215472565,4.235295650244253e-08,0.4282764529287918,3.0500575048407516e-06
DOGE-USD,Return,bullish_ratio_top_influencer,0.34459167958830716,0.00022745329177430921,0.3209303269181269,0.0006299381577150398
DOGE-USD,Return,bearish_ratio_top_influencer,-0.3178764779667318,0.0007142484111400529,-0.3386779374686794,0.00029566179503585227
DOT-USD,Close,sentiment_mean_highly_influential,0.3489067774070161,2.2332916528989448e-05,0.2810846396144912,0.0007346240988317614
DOT-USD,Close,sentiment_mean_influential,0.38109948415295636,3.6847465413058833e-06,0.3226317065431483,0.0001072704377563057
DOT-USD,Close,sentiment_mean_regular,0.3080618953983305,2.0979448802963082e-05,0.2549436533177331,0.0004784340017865598
DOT-USD,Close,bullish_ratio_top_influencer,0.16242023294811253,0.03327540016205037,0.07276407187868478,0.3428284468604661
DOT-USD,Return,sentiment_mean_regular,0.2329890930801099,0.0015034413302305641,0.24634210872164264,0.0007749912309786515
DOT-USD,Volatility_20d,sentiment_mean_highly_influential,0.21726573524784468,0.016675568754815014,0.19381648769233742,0.03316391588388246
DOT-USD,Volatility_20d,sentiment_mean_influential,0.3439283784823456,0.00012828679177170682,0.31212752315933423,0.0005488187461024096
DOT-USD,Volume,sentiment_mean_highly_influential,0.1712273999374678,0.04234309176437183,0.11023505633629813,0.193160411317757
DOT-USD,Volume,sentiment_mean_influential,0.2001395389719595,0.018164144138354595,0.19741487320563653,0.019835620133805
DOT-USD,Volume,sentiment_mean_regular,0.14485059582409188,0.04978367970344018,0.06828799213010517,0.35701568625298175
DOT-USD,Volume,bearish_ratio_top_influencer,-0.013248287011798837,0.8630521134290403,0.17356767860913747,0.022784369389770614
ETH-USD,Close,sentiment_mean_top_influencer,0.4879306068807965,1.7150691715309985e-07,0.4587889007160561,1.0942670926030556e-06
ETH-USD,Close,sentiment_mean_highly_influential,0.4565319997163881,1.2543119979411428e-06,0.4109553685563834,1.618325933104975e-05
ETH-USD,Close,sentiment_mean_regular,0.597437723894667,2.7045483119100905e-11,0.590083633996256,5.4080456824669015e-11
ETH-USD,Close,bullish_ratio_top_influencer,0.41753863986148404,1.1439481683830418e-05,0.3911311250586902,4.4061381303276616e-05
ETH-USD,Close,bearish_ratio_top_influencer,-0.4902425914284715,1.4695356749683075e-07,-0.4749414447112677,4.001576818584035e-07
ETH-USD,Return,sentiment_mean_top_influencer,0.2684368466228435,0.006114107957715635,0.22587164133523374,0.021784606413479485
ETH-USD,Return,sentiment_mean_highly_influential,0.3977558857657416,3.175112763675858e-05,0.4154638184679874,1.2771173451994736e-05
ETH-USD,Return,sentiment_mean_influential,0.24014534234500123,0.014552332211698321,0.25982042372271075,0.008039907901386848
ETH-USD,Return,sentiment_mean_regular,0.4034556867822885,2.3816810555872557e-05,0.3687912884522088,0.0001264999178746094
ETH-USD,Return,bullish_ratio_top_influencer,0.24398814354582643,0.013004506168637449,0.2152418348685185,0.029001420559386887
ETH-USD,Return,bearish_ratio_top_influencer,-0.24999302230310946,0.010872728587192241,-0.20665793571896401,0.03622277238135965
ETH-USD,Volatility_20d,sentiment_mean_influential,-0.1497575057749672,0.13108114012049116,-0.2047612512454556,0.038007342619503996
ETH-USD,Volume,sentiment_mean_top_influencer,0.15826331075368005,0.11033816149428795,0.2577389223317658,0.008578618671981885
ETH-USD,Volume,bullish_ratio_top_influencer,0.22849852712857138,0.020259471921823664,0.29881794112860227,0.002169190436311334
F,Close,sentiment_mean_highly_influential,0.3212506113293088,0.002143240937490058,0.2988032461679935,0.004450324173718189
F,Close,sentiment_mean_regular,0.3512311806536599,0.0007385112026070912,0.30851436114519776,0.0032664290965503163
F,Return,sentiment_mean_highly_influential,0.31473943092096135,0.0026644618856937496,0.4039604796364067,8.64534910716724e-05
F,Return,sentiment_mean_influential,0.2195490987985545,0.055047317678391036,0.2699383552094118,0.01758645426470998
F,Return,sentiment_mean_regular,0.25175911721936645,0.01731329791868533,0.3220386029044681,0.0020868393684259894
F,Volume,sentiment_mean_highly_influential,-0.3432289240112136,0.0009916781178838836,-0.31618583820794405,0.0025397270492241893
F,Volume,sentiment_mean_regular,-0.3261030915978241,0.0018166098365343484,-0.3409440359426551,0.0010772346934938102
GOOG,Close,sentiment_mean_highly_influential,0.2045536339930236,0.05177968245820397,0.24680011084348788,0.018354734764198487
GOOG,Close,sentiment_mean_influential,0.1336845390287853,0.20647447234788213,0.2185918034931728,0.03737422083489228
GOOG,Close,bullish_ratio_top_influencer,-0.21995711275419375,0.036172647088820974,-0.21270851519457556,0.04294051898748948
GOOG,Return,sentiment_mean_top_influencer,0.26367444611493035,0.011557224219651807,0.27579039666970934,0.008144253347805863
GOOG,Return,sentiment_mean_highly_influential,0.3496154351231424,0.0006815886820025196,0.4341547833210417,1.7114474819822525e-05
GOOG,Return,sentiment_mean_influential,0.23638458120647515,0.024079075052143968,0.2677162593367156,0.010300962943978668
GOOG,Return,sentiment_mean_regular,0.4003905382202045,8.405916182455815e-05,0.4355384614319611,1.597476628567419e-05
GOOG,Return,bullish_ratio_top_influencer,0.2309789897010274,0.027607522713485964,0.2398327549425901,0.0220352722773848
GOOG,Return,bearish_ratio_top_influencer,-0.27528390181572043,0.008266812123569531,-0.29158503668468805,0.005042512131063202
GOOG,Volatility_20d,sentiment_mean_top_influencer,-0.23360556508729466,0.025841816758498243,-0.2669108872045849,0.010541296806306973
GOOG,Volatility_20d,bearish_ratio_top_influencer,0.28436658964636047,0.006298436383103111,0.33812778098670154,0.0010452268450722253
GOOGL,Close,sentiment_mean_highly_influential,0.2407427303711104,0.03493747626648914,0.2741636543122173,0.015828127955972805
GOOGL,Close,sentiment_mean_influential,0.24384054701748567,0.03259264881600915,0.29716832472276977,0.008675944426315323
GOOGL,Close,sentiment_mean_regular,0.34767116985944735,0.001947228378617648,0.3359695067010101,0.002814997846145338
GOOGL,Close,bearish_ratio_top_influencer,-0.23211366192307054,0.042223762217917814,-0.2025501150355735,0.07728511295541785
GOOGL,Return,sentiment_mean_top_influencer,0.500572063087573,3.55096559226834e-06,0.6255217069291014,1.1859517877646775e-09
GOOGL,Return,sentiment_mean_highly_influential,0.3832578864891039,0.0005807787505748711,0.43061452517686755,9.261607191135222e-05
GOOGL,Return,sentiment_mean_influential,0.2858596033032758,0.011728600642688701,0.3184387670762952,0.004765724076762845
GOOGL,Return,sentiment_mean_regular,0.42046772917217023,0.00014047923469281688,0.4915360234812845,5.639094202906473e-06
GOOGL,Return,bullish_ratio_top_influencer,0.5140882057903416,1.7337372526700935e-06,0.6448979598662348,2.450912510681691e-10
GOOGL,Return,bearish_ratio_top_influencer,-0.44268377070649445,5.544839842117871e-05,-0.5551889583128354,1.6036392792575271e-07
GOOGL,Volatility_20d,bearish_ratio_top_influencer,0.22603558389158368,0.04807835917554887,0.2028655931821666,0.0768153527197749
HBAR-USD,Close,sentiment_mean_highly_influential,0.32940637227547037,0.0005310077274457947,0.30728947488763164,0.0012838587896700502
HBAR-USD,Close,sentiment_mean_regular,0.21804659640455556,0.02405683958699471,0.1858675261686523,0.05526536697925515
HBAR-USD,Return,sentiment_mean_influential,0.21638100475880573,0.026620392321795912,0.27519545301091347,0.004493915087365126
HBAR-USD,Return,sentiment_mean_regular,0.4331229733690718,3.1669693239819366e-06,0.5272035695738162,5.411732760617168e-09
IBM,Close,sentiment_mean_highly_influential,0.411484743530295,6.5682956399171396e-06,0.42352165062032476,3.2751486110951985e-06
IBM,Return,sentiment_mean_highly_influential,0.20234987098664087,0.03318483555199412,0.2109219450008812,0.026276074313090658
IBM,Return,sentiment_mean_regular,0.21058330092454114,0.01617860135083555,0.22980680792371658,0.00853362415508966
IBM,Volume,sentiment_mean_top_influencer,-0.14410910267470384,0.09794283947599075,-0.21764197000834873,0.011852040371289766
IBM,Volume,sentiment_mean_regular,-0.12043282580331727,0.17062496160723975,-0.175932247123692,0.04442650390371161
IBM,Volume,bullish_ratio_top_influencer,-0.15993398046389007,0.06593081007810146,-0.2036527906283021,0.018714763724629373
IBM,Volume,bearish_ratio_top_influencer,0.10786608992186238,0.21651827505524796,0.2059437281428655,0.017397780908302473
INTC,Close,sentiment_mean_top_influencer,0.48162463202596756,5.5971591053585615e-05,0.47748191338940466,6.618737623007296e-05
INTC,Close,sentiment_mean_regular,0.20605822607864377,0.09960222543690496,0.2834600932747108,0.02212960053626066
INTC,Close,bullish_ratio_top_influencer,0.47902469789554747,6.219711532937772e-05,0.4640878296505089,0.00011217190324806828
INTC,Close,bearish_ratio_top_influencer,-0.46513429328714917,0.00010772679082923081,-0.49144257158276183,3.729346782236944e-05
INTC,Return,sentiment_mean_top_influencer,0.35447013984541775,0.004055397860575025,0.4480820522506507,0.00020489240187224813
INTC,Return,sentiment_mean_highly_influential,0.3729113390699985,0.0022182112306813476,0.5783095676008424,4.53222489422869e-07
INTC,Return,sentiment_mean_influential,0.39192777350506464,0.0013609525615719356,0.4002793241578039,0.0010480319338707672
INTC,Return,sentiment_mean_regular,0.375906097189189,0.0020295211940520985,0.5722964630636989,6.338091346871723e-07
INTC,Return,bullish_ratio_top_influencer,0.3163053269677458,0.010886804837324229,0.42202864046538396,0.0005137703885072306
INTC,Return,bearish_ratio_top_influencer,-0.3868924366686338,0.0015880013414741277,-0.4758579639059322,7.064178709958756e-05
INTC,Volatility_20d,sentiment_mean_influential,0.2962882173389047,0.01744296251252777,0.30899558192722765,0.012978165471983565
JD,Close,sentiment_mean_influential,0.22851732671448127,0.009763811089575962,0.21926680794602219,0.013256690791657314
JD,Close,sentiment_mean_regular,0.17063968646034963,0.04869254058704521,0.19284397566930983,0.025587574670836173
JD,Return,sentiment_mean_highly_influential,0.2575518385607485,0.0028696541819555913,0.30977881843382604,0.00030084663024279313
JD,Return,sentiment_mean_influential,0.2690733188246189,0.0023141995066467747,0.2903059236886282,0.0009754517882676952
JD,Return,sentiment_mean_regular,0.31367244331013766,0.00023642336750878389,0.3695596412456231,1.1991468788780863e-05
JD,Volume,sentiment_mean_top_influencer,0.19769223415468617,0.02307556892256264,0.23236828167022983,0.007337654673918782
JD,Volume,bullish_ratio_top_influencer,0.1867434758352311,0.03203204120927789,0.24300321354087454,0.004991974681551959
JD,Volume,bearish_ratio_top_influencer,-0.19531199606049043,0.024814321296084733,-0.20309505087459495,0.019512757902650935
LCID,Close,sentiment_mean_highly_influential,0.3058759440455952,0.011191269314485362,0.2624588408349246,0.030600762843423546
LCID,Close,sentiment_mean_regular,0.5431811953033228,1.7011787284410507e-06,0.5511443987805412,1.1135241302722564e-06
LCID,Return,sentiment_mean_top_influencer,0.31533315919221033,0.008811379557899277,0.31153384354023606,0.009708356752157782
LCID,Return,sentiment_mean_highly_influential,0.33129027225203134,0.0057865753131132545,0.3318635182846994,0.005697495873155892
LCID,Return,sentiment_mean_influential,0.2989440060759394,0.013272776016026793,0.33060614776979697,0.005894488568329729
LCID,Return,sentiment_mean_regular,0.468817360537541,5.522901359650794e-05,0.5467108214367672,1.4117430698294708e-06
LCID,Return,bullish_ratio_top_influencer,0.30363551200712435,0.011830658509385583,0.3194040984069726,0.007931380052117696
LCID,Return,bearish_ratio_top_influencer,-0.3116332352229428,0.009683915262583512,-0.2836375200088635,0.019081711039561723
LCID,Volatility_20d,sentiment_mean_highly_influential,-0.44185437660966376,0.00016182864204234603,-0.43347299741636613,0.00022203863453927632
LINK-USD,Close,sentiment_mean_top_influencer,-0.12418325054852312,0.1261674538751646,-0.19878396375132298,0.013766780024514591
LINK-USD,Close,sentiment_mean_highly_influential,0.2746458044596506,0.00016136006288363045,0.1381840555512975,0.06139637103133827
LINK-USD,Close,sentiment_mean_influential,0.2946956864979328,5.647971108073684e-05,0.20103907784033473,0.006653057708726565
LINK-USD,Close,sentiment_mean_regular,0.29213428552109194,4.119253339005994e-05,0.22683365682028042,0.0016018981116022706
LINK-USD,Close,bullish_ratio_top_influencer,-0.11486149825820485,0.1574233937866752,-0.1898202714333221,0.0187683588473528
LINK-USD,Close,bearish_ratio_top_influencer,0.12743696140302793,0.11646432287900085,0.19781833494670964,0.014242703356715831
LINK-USD,Return,sentiment_mean_top_influencer,0.22700685174923405,0.004775071008783388,0.22366576064589438,0.005449240285896661
LINK-USD,Return,sentiment_mean_highly_influential,0.23756104178313817,0.0011659313417581613,0.35030072069759177,1.0898616289949112e-06
LINK-USD,Return,sentiment_mean_influential,0.18877624186696307,0.010926078929304089,0.28026850250331503,0.00013270824307204209
LINK-USD,Return,sentiment_mean_regular,0.33574509072826675,2.052477615942535e-06,0.43005373708538674,5.335922362790685e-10
LINK-USD,Return,bullish_ratio_top_influencer,0.22607111633956758,0.004955914921936001,0.2239441327735575,0.005389985173261151
LINK-USD,Return,bearish_ratio_top_influencer,-0.21484597131521668,0.007654948739465475,-0.23156651747226123,0.003975704836866363
LINK-USD,Volatility_20d,sentiment_mean_influential,0.19135696773745356,0.014407627531498386,0.20223260592199843,0.009629162473864248
LINK-USD,Volatility_20d,sentiment_mean_regular,0.1926046405606449,0.011124310518487763,0.24627634389284156,0.0010898871768982889
LINK-USD,Volume,sentiment_mean_top_influencer,-0.10754185132050534,0.18578514595762877,-0.29784730694834366,0.00018461852754485743
LINK-USD,Volume,sentiment_mean_influential,0.18131430518886757,0.014577209567473869,0.10179617834004158,0.17269848557019032
LINK-USD,Volume,sentiment_mean_regular,0.16566732598401815,0.02199880285843551,0.1016359416790488,0.16180047498739586
LINK-USD,Volume,bullish_ratio_top_influencer,-0.11132697677699499,0.1706842668285877,-0.2854263088637484,0.0003485385661492029
LINK-USD,Volume,bearish_ratio_top_influencer,0.09702611740791844,0.2328216313901717,0.29566520334299085,0.00020685703927210628
LTC-USD,Close,bullish_ratio_top_influencer,0.17313266195047447,0.0586205085406967,0.18023072665503798,0.048858364849126826
LTC-USD,Return,sentiment_mean_top_influencer,0.22344190248011198,0.014160615756441067,0.287914593837164,0.0014289579673249972
LTC-USD,Return,sentiment_mean_highly_influential,0.22735630059415934,0.01251464951718253,0.2864432601649935,0.001515384303909621
LTC-USD,Return,sentiment_mean_influential,0.21102259341264112,0.03153280758677809,0.2446673614837363,0.012309745655904019
LTC-USD,Return,sentiment_mean_regular,0.20013360022287865,0.0297879890908369,0.20521738905387432,0.025795024958885932
LTC-USD,Return,bullish_ratio_top_influencer,0.22923899318775096,0.011784382812618167,0.29772846136333736,0.0009581305319943583
LTC-USD,Return,bearish_ratio_top_influencer,-0.20912010484473598,0.021892724038374653,-0.28311335665601517,0.001728795263543942
LTC-USD,Volatility_20d,sentiment_mean_regular,-0.2281783639939085,0.012949976129615182,-0.22488790834874955,0.014351192224453848
LTC-USD,Volume,sentiment_mean_regular,-0.06534032262261977,0.4820722148842251,-0.1948667925018329,0.034466005539938345
META,Close,sentiment_mean_top_influencer,0.3375840432795553,0.0019246700511739564,0.26808881149325203,0.014886315988010091
META,Close,sentiment_mean_highly_influential,0.32234383499094293,0.0031429371523917747,0.34184289884022073,0.001670743057073754
META,Close,sentiment_mean_regular,0.4184387963624505,9.151363658587683e-05,0.4072923187271433,0.0001460952215162617
META,Close,bullish_ratio_top_influencer,0.3063484278887367,0.005123672669234227,0.25298490407358293,0.021839630760296807
META,Close,bearish_ratio_top_influencer,-0.33992885285723445,0.0017808660082571704,-0.2973818684854593,0.006662844394522549
META,Return,sentiment_mean_top_influencer,0.42318452079149316,7.461234382534092e-05,0.5567993208652272,5.5663049962161274e-08
META,Return,sentiment_mean_highly_influential,0.4255124821433128,6.742596255511733e-05,0.5456722270020099,1.1477729768444632e-07
META,Return,sentiment_mean_influential,0.2524331457247299,0.022138951324534802,0.3041693961476787,0.005465422425015549
META,Return,sentiment_mean_regular,0.4344161356968772,4.545828666075431e-05,0.5635190146455086,3.5492408301669205e-08
META,Return,bullish_ratio_top_influencer,0.36405025355392384,0.0007733348458206178,0.4469985144180495,2.5548866454082314e-05
META,Return,bearish_ratio_top_influencer,-0.44621652156641683,2.649799486343737e-05,-0.5953591137578732,3.6493445517080853e-09
META,Volume,sentiment_mean_highly_influential,-0.19432494446428025,0.08022353096990115,-0.23541128149648888,0.033251549246910046
META,Volume,sentiment_mean_regular,-0.2626666282022971,0.017122983049571074,-0.24389951905729024,0.027233118754548737
META,Volume,bearish_ratio_top_influencer,0.24177203096662486,0.028647511572795666,0.2027122629154931,0.06777951135261337
MSFT,Close,sentiment_mean_top_influencer,0.4197856613938468,8.63879828324402e-05,0.4774064354372829,5.7582922739444305e-06
MSFT,Close,sentiment_mean_highly_influential,0.38345292611105164,0.000376605089594438,0.3949301787649546,0.00024085712773207673
MSFT,Close,sentiment_mean_regular,0.09805048862914283,0.3808297561759686,0.22002830243710972,0.047003705644602954
MSFT,Close,bullish_ratio_top_influencer,0.39538401197728024,0.0002365578936510497,0.4373976221507883,3.9737872070720496e-05
MSFT,Close,bearish_ratio_top_influencer,-0.38780019490788764,0.00031855597514521446,-0.4584825368690904,1.4798206996647843e-05
MSFT,Return,sentiment_mean_top_influencer,0.31259557619534406,0.004246546873319923,0.37317616194266534,0.0005543750151186606
MSFT,Return,sentiment_mean_highly_influential,0.45815209306927435,1.5036719814249267e-05,0.5134908632705809,8.083696682658473e-07
MSFT,Return,sentiment_mean_influential,0.2092028839046822,0.05925999708714148,0.2201767782181094,0.04685140446092403
MSFT,Return,sentiment_mean_regular,0.2540940348617882,0.02124838487344849,0.2718733011760013,0.01347907895307404
MSFT,Return,bullish_ratio_top_influencer,0.27108105965003376,0.013763726743284974,0.299278931402698,0.006306850068618472
MSFT,Return,bearish_ratio_top_influencer,-0.3104877898571132,0.004526273937830683,-0.39893553375422025,0.00020527509040951407
MSFT,Volatility_20d,sentiment_mean_top_influencer,-0.21704272784582657,0.05015394124485249,-0.2304473005877238,0.03726253187796615
MSFT,Volatility_20d,bearish_ratio_top_influencer,0.3010553843686488,0.005988825620520038,0.32939691139982324,0.0025124566653355203
MSFT,Volume,sentiment_mean_top_influencer,-0.21017022586549866,0.05806840356655267,-0.30938192291259503,0.004679487108913196
MSFT,Volume,bullish_ratio_top_influencer,-0.19303895353725947,0.08228309799578844,-0.2657995702725857,0.015797790227128513
MSFT,Volume,bearish_ratio_top_influencer,0.19872682751821977,0.07348305818493496,0.3147795425123674,0.0039730371924653835
NFLX,Close,sentiment_mean_highly_influential,-0.20603058202798777,0.04076139944569518,-0.1596362211209445,0.11449038876686841
NFLX,Return,sentiment_mean_highly_influential,0.21419155194468487,0.033263703414645476,0.2169151969808664,0.031035615059240615
NFLX,Return,sentiment_mean_influential,0.20304961918282607,0.04493753086265882,0.22839935020318794,0.023696441308845274
NFLX,Return,sentiment_mean_regular,0.27034463256250824,0.00652212220885288,0.265074704313347,0.00769249421643506
NFLX,Volatility_20d,bearish_ratio_top_influencer,0.18008840761590794,0.0729838412821743,0.23122854686854827,0.020630610802158854
NFLX,Volume,sentiment_mean_top_influencer,-0.2461650064974253,0.013556038569745691,-0.2407539656827525,0.01582724156423909
NFLX,Volume,bullish_ratio_top_influencer,-0.23981203950127844,0.016254564657379386,-0.22787203133595965,0.02259835977931538
NFLX,Volume,bearish_ratio_top_influencer,0.2281409738963972,0.022434982323108577,0.2524124447805146,0.01129117793096755
NIO,Close,sentiment_mean_top_influencer,0.3195558637410688,0.00839004758576204,0.24938627144837588,0.041833005203875395
NIO,Close,sentiment_mean_highly_influential,0.11490525041911478,0.3544918517085549,0.26085047926718835,0.03300410151278451
NIO,Close,sentiment_mean_regular,0.3989513761176809,0.0008254654354748476,0.43213980442293004,0.0002604985252774398
NIO,Close,bullish_ratio_top_influencer,0.34716387389433445,0.003998457667012439,0.26809309655766717,0.02827400854526023
NIO,Close,bearish_ratio_top_influencer,-0.2746424790516829,0.024501011968571795,-0.23399266062342244,0.05667380830980935
NIO,Return,sentiment_mean_top_influencer,0.5250098088377388,5.088615289033769e-06,0.5485328890536495,1.5431442186573774e-06
NIO,Return,sentiment_mean_highly_influential,0.24896633123874795,0.04219028492900567,0.33543520799351256,0.005522357690799368
NIO,Return,sentiment_mean_influential,0.4384339055386451,0.00025921591460156617,0.4535163254474055,0.00014825500478941737
NIO,Return,sentiment_mean_regular,0.4668807047888365,6.814284629162442e-05,0.5486725663989888,1.5318314175424918e-06
NIO,Return,bullish_ratio_top_influencer,0.5114591040196476,9.726142062130268e-06,0.5308244123340803,3.820466261770491e-06
NIO,Return,bearish_ratio_top_influencer,-0.512193749360598,9.397122566586834e-06,-0.5411008792295036,2.2718212488396904e-06
NKE,Return,sentiment_mean_top_influencer,0.32210736083800057,0.012078882145302366,0.4462956717736995,0.0003514006930715144
NKE,Return,sentiment_mean_highly_influential,0.3490004568773647,0.006276259068159701,0.32833581508721993,0.010430756468467646
NKE,Return,sentiment_mean_regular,0.4175524268394071,0.0009022915990762043,0.4589371320556342,0.00022591326284400356
NKE,Return,bullish_ratio_top_influencer,0.32385592249867773,0.011594931797024196,0.4360917596169351,0.0004958341557665583
NKE,Return,bearish_ratio_top_influencer,-0.26030731209502955,0.044569955537863845,-0.3931086006307318,0.0018894642123614322
NKE,Volatility_20d,bullish_ratio_top_influencer,0.20094709620568646,0.12367325662382508,0.25977568544311114,0.04502282369798687
NKE,Volume,sentiment_mean_highly_influential,-0.33635923072202856,0.008597331153196892,-0.26386361102438877,0.041635843046348056
NKE,Volume,sentiment_mean_regular,-0.2723513875400665,0.035271982576038585,-0.18523098342715288,0.1565105911428551
NVDA,Close,sentiment_mean_top_influencer,0.656982671300565,1.002334650938663e-05,0.7227787340063271,4.376350490694256e-07
NVDA,Close,sentiment_mean_highly_influential,0.527096446606992,0.0008026112391455929,0.5445708866761497,0.0004928691989018622
NVDA,Close,sentiment_mean_influential,0.4140970778035734,0.012047552308037635,0.45559845559845563,0.005233507382363444
NVDA,Close,sentiment_mean_regular,0.43104167295393864,0.00689797147963055,0.597942660616915,7.358186394600766e-05
NVDA,Close,bullish_ratio_top_influencer,0.5815998886086142,0.0001598104000861864,0.659711932876039,8.937192204414042e-06
NVDA,Close,bearish_ratio_top_influencer,-0.7184709567591776,5.516061443927931e-07,-0.7448284050781947,1.2473985995756215e-07
NVDA,Return,sentiment_mean_top_influencer,0.3895890954851566,0.01715021192839781,0.3666646915337985,0.025603901084170152
NVDA,Return,sentiment_mean_influential,0.40074280015807345,0.015431735157432954,0.5397683397683398,0.0006799043573525142
NVDA,Return,sentiment_mean_regular,0.5708322169163177,0.00018227044339500393,0.5400525311391794,0.0004658823718579731
NVDA,Return,bullish_ratio_top_influencer,0.39876237001708714,0.01449783327205709,0.3794677263497216,0.02053739730061091
NVDA,Return,bearish_ratio_top_influencer,-0.3646549599932453,0.026485943311364335,-0.34793432578457767,0.034841483560217455
NVDA,Volatility_20d,sentiment_mean_top_influencer,-0.4209689067526165,0.00947055411458839,-0.42854602647742696,0.008137379617684726
NVDA,Volatility_20d,bullish_ratio_top_influencer,-0.38203599524891435,0.019629141389634765,-0.3683243441951219,0.02489394732423328
NVDA,Volatility_20d,bearish_ratio_top_influencer,0.44969070529838695,0.0052323193717501515,0.43233951827473754,0.0075325891068875285
NVDA,Volume,sentiment_mean_top_influencer,-0.3530682592501085,0.03207395590395761,-0.32659593442470575,0.048507525374109135
NVDA,Volume,sentiment_mean_regular,-0.29197574803799276,0.07528558833025978,-0.37590282562575095,0.020026996656711617
NVDA,Volume,bearish_ratio_top_influencer,0.4173456108883102,0.010171201487943185,0.3538616567178754,0.031662797113761285
PFE,Close,sentiment_mean_regular,0.22300631087876197,0.057902163522321984,0.2420198405891632,0.03912167721931093
PFE,Return,sentiment_mean_top_influencer,0.33813557091172186,0.0034348869556476906,0.2779449907173639,0.017270673116923284
PFE,Return,sentiment_mean_influential,0.21229241490046155,0.07136712937457544,0.24645456670258079,0.03556166385478662
PFE,Return,sentiment_mean_regular,0.2813370569541296,0.01590118499367774,0.33486836603656994,0.003781423330291157
PFE,Return,bullish_ratio_top_influencer,0.27881969165047166,0.016908181856500334,0.2522216166827716,0.031340457582581326
PFE,Return,bearish_ratio_top_influencer,-0.3244511539768298,0.0051030717543080915,-0.2936656248428469,0.011680930657885991
PLTR,Close,sentiment_mean_top_influencer,-0.222505724460932,0.21328391112999912,-0.3912752854251915,0.02434388320057786
PLTR,Close,bearish_ratio_top_influencer,0.20124299208903562,0.26143146249024996,0.3713855976996051,0.033340638525293176
PLTR,Return,sentiment_mean_top_influencer,0.43141568278669035,0.012184442360900175,0.42487047225580393,0.013715667338108114
PLTR,Return,sentiment_mean_regular,0.3691075758716562,0.037620323839752855,0.4261754210915244,0.01500944129617937
PLTR,Return,bullish_ratio_top_influencer,0.4037856180441438,0.01978790028510986,0.4203576859651247,0.014862896064212844
PLTR,Return,bearish_ratio_top_influencer,-0.4328388137892888,0.011871298378713842,-0.35015878811011375,0.04574929853978862
PLTR,Volatility_20d,sentiment_mean_top_influencer,0.272330317866871,0.1252162894872701,0.42854755738154254,0.012836707967041736
PLTR,Volatility_20d,sentiment_mean_regular,0.4278913822480633,0.014565539751820528,0.5231417857183701,0.002124710892237888
PLTR,Volatility_20d,bullish_ratio_top_influencer,0.30084756567455634,0.08889269896820182,0.4150091985095048,0.016325553336624655
PLTR,Volatility_20d,bearish_ratio_top_influencer,-0.24175573757496585,0.17527812737266765,-0.39595521194885896,0.022547769881646997
PLTR,Volume,sentiment_mean_top_influencer,-0.010968940141719617,0.9516906383568631,0.41634632037340974,0.01594907553749991
PLTR,Volume,sentiment_mean_regular,0.2823915789453349,0.1173586668661857,0.3933644961988866,0.025925058708244842
PLTR,Volume,bullish_ratio_top_influencer,-0.015459075026865448,0.9319542204050022,0.41517633874249293,0.01627809168913566
QCOM,Volatility_20d,sentiment_mean_regular,-0.11345916749273016,0.23792405580965553,-0.20248118657604192,0.03388751710090923
QCOM,Volume,sentiment_mean_highly_influential,-0.1838939580451817,0.05120637727646857,-0.2944640931920448,0.0015460692165789596
QQQ,Close,sentiment_mean_highly_influential,0.431185240012594,0.031397511488658894,0.5707692307692307,0.0028862249955300826
QQQ,Volume,sentiment_mean_regular,-0.19585739637532398,0.34809933907434026,-0.4438461538461538,0.026246353455600696
RTX,Close,bearish_ratio_top_influencer,-0.20152861936306882,0.04436471949564967,-0.09386842613880256,0.3529223320859809
RTX,Return,sentiment_mean_top_influencer,0.26567638364419993,0.0075501021621395825,0.225764479049897,0.023914264183598443
RTX,Return,sentiment_mean_influential,0.4357973523642853,0.0013911204793447345,0.516757576792335,0.00010349131763741774
RTX,Return,bullish_ratio_top_influencer,0.23424138048311524,0.018991458524532843,0.22130897618611942,0.02691277521537998
RTX,Return,bearish_ratio_top_influencer,-0.2460841160026812,0.013587783413454632,-0.19737552716689188,0.04902785951768894
SHIB-USD,Close,sentiment_mean_regular,0.22225887100763642,0.021396208985376027,0.17381902056639062,0.07336783257659422
SHIB-USD,Return,sentiment_mean_highly_influential,0.17913243366884,0.06486910113351116,0.22042582567800637,0.022521270089665424
SHIB-USD,Return,sentiment_mean_influential,0.2468104013039605,0.010382673535831215,0.24198590610847936,0.01203349219301718
SHIB-USD,Return,sentiment_mean_regular,0.33263511529099593,0.0004641651027025884,0.2966058698047242,0.0019208744869415142
SHIB-USD,Volume,sentiment_mean_highly_influential,-0.1970070759972961,0.04196167892684595,-0.18959867172975264,0.05046888926080995
SOFI,Close,sentiment_mean_top_influencer,0.6143109779654781,1.2724664263827577e-06,0.618070824550529,1.0498529836509477e-06
SOFI,Close,sentiment_mean_influential,0.38165623874126986,0.00524169857998279,0.31214378729334913,0.02427188869578477
SOFI,Close,sentiment_mean_regular,0.46970716264693924,0.0004429465513554791,0.4395773295910306,0.001112179478542472
SOFI,Close,bullish_ratio_top_influencer,0.6627734018791047,8.663519393574863e-08,0.6849958376696692,2.1304656277299956e-08
SOFI,Close,bearish_ratio_top_influencer,-0.5342307813263225,4.520407028059398e-05,-0.5441854513155729,3.0457323005914736e-05
SOFI,Return,sentiment_mean_top_influencer,0.4819478124427732,0.0002972707008220536,0.560402971057799,1.5573317295621853e-05
SOFI,Return,sentiment_mean_highly_influential,0.338192124536113,0.014199150751742115,0.4199359662310956,0.001940160999161324
SOFI,Return,sentiment_mean_influential,0.38883847470716715,0.004387914398821933,0.47163287129421005,0.00041641907526601674
SOFI,Return,sentiment_mean_regular,0.5102154085363331,0.00011153663621625594,0.6977459041826887,9.00112827174691e-09
SOFI,Return,bullish_ratio_top_influencer,0.4368663653459842,0.0012033455950857563,0.4859765212539181,0.0002598454176906699
SOFI,Return,bearish_ratio_top_influencer,-0.5074635942524468,0.00012317259176277475,-0.6271797828582814,6.519204189133316e-07
SOFI,Volatility_20d,sentiment_mean_top_influencer,-0.33789134725087255,0.014290921791485217,-0.32638948177238963,0.01820178958407812
SOFI,Volatility_20d,bullish_ratio_top_influencer,-0.41197951017732826,0.00240834449725607,-0.4154535756186868,0.0021928288823853843
SOL-USD,Close,sentiment_mean_top_influencer,0.4607305741371442,3.1923556129211703e-07,0.4343535484823148,1.710590427872027e-06
SOL-USD,Close,sentiment_mean_highly_influential,0.3170073324006284,0.0006603550422898863,0.31713916583457047,0.0006567507976598171
SOL-USD,Close,sentiment_mean_regular,0.28868206141736286,0.0020229015807117327,0.27735137479348104,0.003070460778711199
SOL-USD,Close,bullish_ratio_top_influencer,0.3394587269463797,0.0002507061291107918,0.29916959501593093,0.0013538397189776375
SOL-USD,Close,bearish_ratio_top_influencer,-0.5169460907037838,5.3686884906826615e-09,-0.5641492413782593,9.32811263450478e-11
SOL-USD,Return,sentiment_mean_top_influencer,0.22533013276595473,0.016907019190567793,0.15267097874067082,0.10804828667924603
SOL-USD,Return,sentiment_mean_highly_influential,0.337953535253454,0.00026814873311798755,0.20910828515345112,0.02691901056118146
SOL-USD,Return,sentiment_mean_influential,0.2754674145141779,0.003285667929190703,0.2505035836291257,0.007722773586349756
SOL-USD,Return,sentiment_mean_regular,0.31135581064446016,0.0008330316097619124,0.2520106438176013,0.0073508192725758835
SOL-USD,Return,bullish_ratio_top_influencer,0.18724635016532443,0.04805063766794285,0.137022545889095,0.14968447195323525
SOL-USD,Return,bearish_ratio_top_influencer,-0.2318210195740591,0.013915318306999139,-0.16951903046444128,0.07396162980188381
SOL-USD,Volatility_20d,sentiment_mean_highly_influential,-0.36496065648000925,7.608204444693247e-05,-0.29116186712336306,0.0018421277931040046
SOL-USD,Volatility_20d,sentiment_mean_regular,-0.3140198783757212,0.0007470526424736061,-0.21788415797615882,0.021010216168658717
SOL-USD,Volatility_20d,bearish_ratio_top_influencer,0.19736247598060175,0.03699501574566804,0.3616934120147508,8.914624913868205e-05
SOL-USD,Volume,sentiment_mean_highly_influential,-0.4067873056080406,8.555968522576186e-06,-0.30499193835435445,0.0010762669955511834
SOL-USD,Volume,sentiment_mean_regular,-0.31176814921644547,0.0008191575003514631,-0.17016260274381367,0.07285549406168244
SPY,Close,sentiment_mean_influential,0.4390302006465405,0.03609426435691734,0.40029652815813177,0.05839582979383826
SPY,Volume,sentiment_mean_regular,-0.4073373245626983,0.04327671924396656,-0.4338461538461538,0.030252826751616755
TRX-USD,Volatility_20d,sentiment_mean_regular,-0.046548497175605726,0.626002637643523,-0.29352514634568616,0.0016836035810874196
TRX-USD,Volume,sentiment_mean_top_influencer,-0.14572530719971366,0.16573214535687142,-0.3396605056347978,0.0009249132258644517
TRX-USD,Volume,sentiment_mean_regular,-0.01444294991200117,0.8709497870542878,-0.18166812774821373,0.03935573053804451
TRX-USD,Volume,bullish_ratio_top_influencer,-0.17305726282048858,0.09900756878504524,-0.38390281156381056,0.0001582492596153238
TSLA,Close,sentiment_mean_top_influencer,0.34130979508240666,0.06022930232895081,0.4051220086402799,0.02376837213407511
TSLA,Close,sentiment_mean_highly_influential,0.6498431921104517,7.6104855273504e-05,0.7359612901601535,2.3794253281414363e-06
TSLA,Close,sentiment_mean_influential,0.7309923738660141,3.0092312774888106e-06,0.754789287377087,9.305024620480764e-07
TSLA,Close,sentiment_mean_regular,0.7751842058446782,3.049518942182952e-07,0.8357697390996811,4.880721057958503e-09
TSLA,Close,bullish_ratio_top_influencer,0.37768551662259986,0.036193874553246436,0.49520934183746074,0.004619044306973891
TSLA,Return,sentiment_mean_influential,0.5051944558545546,0.0037461253728625185,0.537205092592188,0.001831965679538196
TSLA,Return,sentiment_mean_regular,0.49269853566150407,0.004864151373120135,0.4389555421037408,0.013495901441722271
TSLA,Volatility_20d,sentiment_mean_highly_influential,-0.5680866270769871,0.0008569100775641318,-0.6180058505043481,0.00021165760828899735
TSLA,Volatility_20d,sentiment_mean_influential,-0.5340689962858889,0.001971063170128523,-0.5843920264009612,0.0005563209263197439
TSLA,Volatility_20d,sentiment_mean_regular,-0.5553061540866283,0.001184013928822055,-0.5621534457442489,0.0009972996197603545
TSM,Close,sentiment_mean_top_influencer,0.22989077933845953,0.01889300311762317,0.21510183626096993,0.028318818368410197
TSM,Close,sentiment_mean_regular,0.24994141937380224,0.010501735477256687,0.24902114365645836,0.010799358696166347
TSM,Close,bullish_ratio_top_influencer,0.19599429106123842,0.04615382464911303,0.1807187949458854,0.06637990624289336
TSM,Close,bearish_ratio_top_influencer,-0.23342859048744757,0.017089001996126042,-0.23363504274809488,0.0169884894872708
TSM,Return,sentiment_mean_regular,0.29315274738560126,0.0025269466950355816,0.3084709659675616,0.001443314011732272
TSM,Return,bearish_ratio_top_influencer,-0.2070080642517161,0.03499148511480594,-0.19716982218923038,0.04483672647407244
TSM,Volatility_20d,sentiment_mean_top_influencer,-0.4399780604789352,2.963472059016176e-06,-0.40354667177916953,2.1593110500507356e-05
TSM,Volatility_20d,sentiment_mean_highly_influential,-0.22186950228707705,0.0236001047805342,-0.23087959898438432,0.01837297506128731
TSM,Volatility_20d,sentiment_mean_influential,-0.259011117557397,0.01217713056833279,-0.24498030344448618,0.01794565108885578
TSM,Volatility_20d,sentiment_mean_regular,-0.2347840614528799,0.01643836994547984,-0.27905134300190965,0.004122974497024671
TSM,Volatility_20d,bullish_ratio_top_influencer,-0.35620358144658026,0.00020630157841657656,-0.31838380468383515,0.0009884244363428888
TSM,Volatility_20d,bearish_ratio_top_influencer,0.46518535697298,6.513734748295504e-07,0.46264257388474456,7.631557858283775e-07
TSM,Volume,sentiment_mean_top_influencer,-0.17211800268002986,0.08061738121447426,-0.23886739718999486,0.014606238947071158
TSM,Volume,sentiment_mean_highly_influential,-0.20128401184583278,0.040470572756382675,-0.2811592618962743,0.0038379860557037635
TSM,Volume,sentiment_mean_regular,-0.2168095388930289,0.027058364879739005,-0.2550287875046435,0.008982680068894917
TSM,Volume,bearish_ratio_top_influencer,0.19761583495071855,0.04434524341994697,0.25804933409667924,0.00817530921511326
UBER,Close,bullish_ratio_top_influencer,-0.213112527207919,0.03609584241378515,-0.20318027098762517,0.04593132056275204
UBER,Close,bearish_ratio_top_influencer,-0.3049581107579291,0.0023874821178327603,-0.28936001423678614,0.004044271113801019
UBER,Return,sentiment_mean_highly_influential,0.3233835962382529,0.0012338011275578845,0.29246413851337844,0.0036498334175802415
UBER,Return,sentiment_mean_influential,0.29313885306971466,0.0035687955066220998,0.2912493644483547,0.003799896733187367
UBER,Return,sentiment_mean_regular,0.4112453650304067,2.8580156263957192e-05,0.45032320519254215,3.689479367642843e-06
UBER,Volatility_20d,sentiment_mean_top_influencer,0.2557173922349308,0.011469573057077728,0.2500098870029229,0.013520885059944721
UBER,Volatility_20d,sentiment_mean_influential,0.21919808171823885,0.03099230031470148,0.19515982546098967,0.055410016373970236
UBER,Volatility_20d,sentiment_mean_regular,0.2902530210099003,0.003927069762232555,0.27638042572124866,0.006137607451533265
UBER,Volatility_20d,bullish_ratio_top_influencer,0.2724063411325201,0.00694726396794131,0.2541538101347555,0.012002554820499122
UBER,Volatility_20d,bearish_ratio_top_influencer,-0.1611503384490841,0.11481927151658294,-0.20204659894247004,0.0471833624568649
USDT-USD,Close,sentiment_mean_highly_influential,0.19415607764297477,0.0505402367183779,0.1984195113462681,0.04559046887737258
USDT-USD,Volume,sentiment_mean_top_influencer,0.1813104742925001,0.08905126405003713,0.24998052024303738,0.01814650489907984
USDT-USD,Volume,sentiment_mean_regular,-0.20544432438437024,0.032105911960743236,-0.23072271273510703,0.01579120619471274
USDT-USD,Volume,bullish_ratio_top_influencer,0.22298335490974666,0.03569315870779786,0.2840461334321215,0.006983952530785757
WBD,Close,sentiment_mean_highly_influential,0.44392354547531415,1.6726856249795657e-06,0.4766823807532064,2.0987992622397567e-07
WBD,Close,bullish_ratio_top_influencer,-0.18955474762633276,0.052781526469664754,-0.21214301907983313,0.02981117003213261
WBD,Return,sentiment_mean_regular,0.2429289331565806,0.005924117724731628,0.2881250352828657,0.001020372550197342
WBD,Volatility_20d,sentiment_mean_top_influencer,0.27413450136623063,0.009332606035223158,0.30043621156741085,0.004227816708787426
WBD,Volatility_20d,bullish_ratio_top_influencer,0.2675437996349598,0.01125404586785041,0.21156804714750554,0.04655738119174614
WBD,Volatility_20d,bearish_ratio_top_influencer,-0.2392663815496199,0.023931131833330274,-0.28475082250104394,0.006838833748599845
XLM-USD,Close,sentiment_mean_highly_influential,0.333215858205836,3.499317325330387e-05,0.35922445182192797,7.3364213314233066e-06
XLM-USD,Return,sentiment_mean_top_influencer,0.18003948105508716,0.0280104708048178,0.18322515191417324,0.025307115735025587
XLM-USD,Return,sentiment_mean_highly_influential,0.17481162934613012,0.033583736214213046,0.1500508850451206,0.06871486288443823
XLM-USD,Return,sentiment_mean_influential,0.2615645540216732,0.0017983539735905395,0.28791699362971473,0.0005616710696213619
XLM-USD,Return,sentiment_mean_regular,0.2112279341730741,0.009228080342716695,0.2788443422836654,0.0005262013559489798
XLM-USD,Return,bullish_ratio_top_influencer,0.18585853778635517,0.023244220815251345,0.17448393879444246,0.033315143155219974
XLM-USD,Volatility_20d,sentiment_mean_highly_influential,0.1763798616065577,0.03200074301863279,0.15623719508788808,0.05792653205068671
XLM-USD,Volatility_20d,bullish_ratio_top_influencer,0.17110579260471043,0.03693925128228226,0.0877248736278654,0.28739538682734755
XLM-USD,Volume,bearish_ratio_top_influencer,0.0024461727959399033,0.9763797509867017,0.17115675366157596,0.03688220594131545
XPEV,Return,sentiment_mean_top_influencer,0.22608859346830423,0.009142008164627057,0.26131027348268593,0.0024745418116077934
XPEV,Return,sentiment_mean_highly_influential,0.1878696663695093,0.03589943846541661,0.23828947880701015,0.007449435058228011
XPEV,Return,sentiment_mean_regular,0.22950925801777558,0.008115776986471448,0.32779129670007023,0.00012465991365547387
XPEV,Return,bullish_ratio_top_influencer,0.21874840522110517,0.011738136821836205,0.2516055420426779,0.003611957365124242
XPEV,Return,bearish_ratio_top_influencer,-0.22386685225573238,0.00986836662550938,-0.24406242710404333,0.004799794238812996
XPEV,Volume,sentiment_mean_top_influencer,-0.112559850844893,0.1970666981499142,-0.28416071201956644,0.0009171740845212599
XPEV,Volume,sentiment_mean_regular,-0.17961706415781076,0.038569749830167074,-0.2959804468692686,0.0005421235691489897
XPEV,Volume,bullish_ratio_top_influencer,-0.11554829771620095,0.18536021183136803,-0.26226589792301147,0.002291350289444017
XPEV,Volume,bearish_ratio_top_influencer,0.10448614702353785,0.23134636929972727,0.29302685305385384,0.0006195552228717497
XRP-USD,Close,sentiment_mean_influential,0.3413103970456287,0.0023832810242772717,0.33738645800688366,0.0026941270875750155
XRP-USD,Close,sentiment_mean_regular,0.20361976233740833,0.07376468117816824,0.2713506199590145,0.016257364336595383
XRP-USD,Return,sentiment_mean_top_influencer,0.2658949016890516,0.02025658210140173,0.27312558528037406,0.01697857802424558
XRP-USD,Return,sentiment_mean_highly_influential,0.37846590827684456,0.0006341213474950361,0.38505263830391667,0.0004994779645601444
XRP-USD,Return,sentiment_mean_influential,0.4435388774738423,5.342978498762911e-05,0.5088270480998384,2.3002168390949746e-06
XRP-USD,Return,sentiment_mean_regular,0.5050836265918468,2.4058257587357264e-06,0.616931277160988,1.8030988405548212e-09
XRP-USD,Return,bullish_ratio_top_influencer,0.24960457954741733,0.029668877724292803,0.2336648553946834,0.042204456831215285
XRP-USD,Return,bearish_ratio_top_influencer,-0.24389591285587425,0.03373937978657124,-0.3239164166726826,0.004311457551024053
XRP-USD,Volatility_20d,bullish_ratio_top_influencer,0.20873708951287712,0.07036424685345195,0.276878909215336,0.015464624184114774
^SPX,Close,sentiment_mean_top_influencer,0.3447781888556617,0.003986203431416004,0.3087758140245066,0.010408354324330496
^SPX,Close,sentiment_mean_highly_influential,0.3943389082129372,0.0008764351382475357,0.35536338908479226,0.0029414332712414245
^SPX,Close,sentiment_mean_influential,0.2808368980377931,0.02035153271386752,0.2718168747657195,0.02494176551131555
^SPX,Close,sentiment_mean_regular,0.2723868277599763,0.024627810320351655,0.2246339510803519,0.0655264244085777
^SPX,Close,bearish_ratio_top_influencer,-0.41945260312143534,0.00037018121409616617,-0.3618422308982718,0.0024296986158992453
^SPX,Return,sentiment_mean_top_influencer,0.2451616689504199,0.043900580418876595,0.31140970340115276,0.009738959588253687
^SPX,Return,sentiment_mean_highly_influential,0.20634847710782953,0.09135973876180087,0.31452952987166466,0.008994829364041293
^SPX,Return,sentiment_mean_influential,0.2589630990861973,0.032974394074122323,0.3728794427718275,0.001738514396608113
^SPX,Return,bullish_ratio_top_influencer,0.2952689447779532,0.014506172987617395,0.37262611424343073,0.0017521522619676592
^SPX,Volume,sentiment_mean_top_influencer,-0.30120596291661195,0.012559558257634204,-0.1036759934343627,0.40014943320163443
^SPX,Volume,sentiment_mean_highly_influential,-0.33172950405878426,0.005718212052882293,-0.1600710189350515,0.19225631310774366
^SPX,Volume,bearish_ratio_top_influencer,0.32223429811375376,0.0073658338296377045,0.08840875691110849,0.4734193375887471
